Images-to-PDF,Swati4star/Images-to-PDF
Travel-Mate,project-travel-mate/Travel-Mate
Ignitus-Client-Side-Development,Ignitus/Ignitus-Client-Side-Development
QuizApp,darthgera123/QuizApp
HackerRank Testcase Generator,aashutoshrathi/HackerRank-Test-Case-Generator
B.E.N.J.I.,the-ethan-hunt/B.E.N.J.I.
MentorFix,WrippleFoss/mentorFix
CircuitVerse,CircuitVerse/CircuitVerse
Cosmos,OpenGenus/cosmos
in-time,nityanandagohain/in-time
Groot,ugroot/GROOT
Drive-CLI,nurdtechie98/drive-cli
Connect-Me,fossasia/Connect-Me
Techtonica Web Development Curriculum,Techtonica/curriculum
MEVN-CLI,madlabsinc/mevn-cli
Algo Ds Notes,jainaman224/Algo_Ds_Notes
Social Platform Donut,codeuino/Social-Platform-Donut
Delern Flashcards,dasfoo/delern
Mathball,pbiswas101/Mathball
Upay,upaytech/as-server
BloodConnect,sushantahujaa/bloodconnect-project
She Endeavors,she-endeavors/SheE
Zero Gravity,zero-gravity-org/zero-gravity-website